title,channel,view_count,date,description,url
The Top Hustle Plays of the Season!,NBA,"9,543",2025年8月6日,"All throughout the 2024-25 regular season & 2025 playoffs, we got to witness some INSANE hustle plays! Let's take a look at the best hustle plays from throughout the year.

Never miss a moment with the latest news, trending stories and highlights to bring you closer to your favorite players and teams.
Download now ➡ https://nba.smart.link/NBAApp-YTDes

Subscribe to the NBA: https://on.nba.com/2JX5gSN",https://www.youtube.com/watch?v=HqgPQIYqmKI&pp=ygUDbmJh
The Thompson Twins Are ABSURD Athletes!,NBA,"13,010",2025年8月6日,"The Thompson Twins have been MUST-SEE TV through their short careers. Let's take a look at some of their most athletic plays of their career, so far!

Never miss a moment with the latest news, trending stories and highlights to bring you closer to your favorite players and teams.
Download now ➡ https://nba.smart.link/NBAApp-YTDes

Subscribe to the NBA: https://on.nba.com/2JX5gSN",https://www.youtube.com/watch?v=KdTOnnJ0q8E&pp=ygUDbmJh
2025年NBA赛季百大精彩时刻🔥,Hicko,"403,543",2025年6月23日,"The Best Moments from the 2024-2025 NBA Season! This video showcases the most insane buzzer beaters, game winners, dunks, posterizers, blocks, ankle breakers and so much more! It features NBA stars like LeBron James, Steph Curry, Ja Morant, Anthony Edwards and more!

Instagram: ► https://www.instagram.com/issasprt
Shop: ► https://issasport.net/

2nd channel: ► https://www.youtube.com/channel/UCwW5qE4_XovtIr2jqjYt22g

Music provided by Epidemic Sound

NBA video clips used in content on this channel are licensed through a partnership with NBA Playmakers.",https://www.youtube.com/watch?v=Gvg1V4sHTGw&pp=ygUDbmJh
"NBA Summer Runs LeBron, Kyrie & Stars Takeover! (UNDEFEATED Highlights)",qwik11hoops,"374,317",2025年7月31日,"🏀🔥 NBA Summer Runs are UNDEFEATED! 🔥🏀

Get ready for the ultimate dose of offseason basketball as NBA superstars LeBron James, Kyrie Irving, and DeMar DeRozan light up the legendary Drew League and other elite pro-am summer runs!

This video captures the most electrifying highlights, crossovers, dunks, and clutch plays from the biggest names in basketball during their summer hooping sessions. Witness why these NBA summer runs are considered a must-watch event, bringing a raw, authentic energy that you won't find anywhere else. From incredible scoring outbursts to surprising guest appearances, the talent on display is truly next level.

Featured Players & Moments You'll See:

LeBron James dominating the Drew League court

Kyrie Irving showcasing his handles and scoring prowess

DeMar DeRozan putting on a clinic

Unforgettable plays from other NBA stars and rising talents!

Whether you're a die-hard fan looking for your basketball fix or just want to see your favorite players in a different setting, this compilation proves that the NBA offseason is anything but quiet. The hype is real!

Don't forget to LIKE, SHARE, and SUBSCRIBE for more NBA highlights, news, and exclusive content!
🔔 Turn on notifications so you don't miss out!

#NBASummerRuns #LeBronJames #KyrieIrving #DeMarDeRozan #DrewLeague #ProAm #NBAHighlights #Basketball #Offseason #NBAStars #SummerBasketball #UNDEFEATED",https://www.youtube.com/watch?v=3kcvCaws2ZA&pp=ygUDbmJh
NBA最危險決定！連Michael Jordan都後悔的退役再復出風險到底有多大？只打5場比賽就被裁超羞辱、甚至還有人遭遇毀滅性傷病，成功案例至今只有一次｜澤北SG,澤北SG,"54,128",2025年8月2日,"即使只是個坐板凳的吊車尾，為了籃球也要全力向前衝啊！
無論打球、評球還是寫球都非專業人士，一切只為熱愛。
All For Basketball, Love And Peace.
澤北SG敬上！

#nba #bronnyjames #lebronjames #zionwilliamson #guerschonyabusele #stephencurry #laurimakkanen #nikolajokic #anthonyedwards #bogdanbogdanovic #joelembiid #jaysontatum #paulgeorge #joelembiid #klaythompson #lukadoncic #kyrieirving #chrispaul #victorwembanyama #michaeljordan #stephencurry #magicjohnson #kobebryant #alleniverson #kevindurant #lukadoncic #victorwembanyama #zionwilliamson #jamorant #kawhileonard #jamesharden #字母哥 #giannisantetokounmpo #russellwestbrook #體育 #籃球 #娛樂 #湖人 #勇士 #dwighthoward #魔獸 #霍華德 #jeremylin #林書豪 #kyrieirving #jaysontatum #jimmybutler #nikolajokic #damianlillard #anthonydavis #klaythompson #draymondgreen #andrewwiggins #jordanpoole #carmeloanthony #dwyanewade #chrisbosh #sports #warriors #lakers #bulls #highlights #slamdunk #airjordan #2k #mvp #全明星 #allstar #playoffs #cooperflagg #mobamba #amenthompson #alexlen #jamalmurray #adamsilver",https://www.youtube.com/watch?v=dqNtsWHqvbo&pp=ygUDbmJh
The BEST NBA Plays of the 2025 Season ! 🔥,Golden Hoops,"528,430",2025年6月23日,"Golden Hoops Merch: https://golden-hoops-store.myshopify.com/

NBA video clips used in this video are licensed through partnership with NBA Playmakers.

Music provided by Epidemic Sound

This video features players like: Stephen Curry, LeBron James, Luka Doncic, Giannis Antetokounmpo, Nikola Jokic, Ja Morant, LaMelo Ball, Anthony Edwards and Victor Wembanyama 

#nba #lebron #stephcurry #lakers",https://www.youtube.com/watch?v=aA3omqeKy4c&pp=ygUDbmJh
Top 50 Handles of the 2024-25 NBA Season!,NBA,"113,851",2025年8月1日,"Check out the top 50 handles of the 2024-25 NBA Season!

Never miss a moment with the latest news, trending stories and highlights to bring you closer to your favorite players and teams.
Download now ➡ https://nba.smart.link/NBAApp-YTDes

Subscribe to the NBA: https://on.nba.com/2JX5gSN",https://www.youtube.com/watch?v=R6xNmXL7WD8&pp=ygUDbmJh
Top Iso Moments of the 2024-25 NBA Season!,NBA,"83,717",2025年8月1日,"Check out the top isolation plays of the 2024-25 NBA Season!

Never miss a moment with the latest news, trending stories and highlights to bring you closer to your favorite players and teams.
Download now ➡ https://nba.smart.link/NBAApp-YTDes

Subscribe to the NBA: https://on.nba.com/2JX5gSN",https://www.youtube.com/watch?v=BIyDtWNcxgQ&pp=ygUDbmJh
"NBA ""Menace To Society!"" 🔥 MOMENTS",Golden Hoops,"104,216",2025年8月2日,"Golden Hoops Merch: https://golden-hoops-store.myshopify.com/

NBA video clips used in this video are licensed through partnership with NBA Playmakers.

Music provided by Epidemic Sound

This video features players like: Stephen Curry, LeBron James, Luka Doncic, Giannis Antetokounmpo, Nikola Jokic, Ja Morant, LaMelo Ball, Anthony Edwards and Victor Wembanyama 

#nba #lebron #stephcurry #lakers",https://www.youtube.com/watch?v=3Q7S3OIzSsk&pp=ygUDbmJh
【冷飯說】NBA「不自律依舊成巨星」的五位天才：在絕對天賦面前，自律根本不值一提！,冷飯說NBA,"105,178",2025年8月3日,"NBA五位反自律巨星

#nba #alleniverson #tracymcgrady 

————————————分割線—————————————
視頻傳送門：

《喬丹：籃球之神的最後一舞🕺》【🏀之神的封神之路🐏】
https://www.youtube.com/watch?v=Cm6dbQBFA04&list=PLzTWWOKgRsFm3hgeONqfXCR_lUEgNzDts

《NBA傳奇人物故事👾》【考古NBA上古神獸🦕】
https://www.youtube.com/watch?v=6RYTd_MUHA4&list=PLzTWWOKgRsFnZLdJB2XL1VSJQm_yjDI8y

《NBA軼事🗿》【你可能不知道的籃球趣聞❓】
https://www.youtube.com/watch?v=T3_OsLtXBC0&list=PLzTWWOKgRsFl-LPzN6haLkKP8WGIPpdnC

《NBA球星故事🤾‍♂️》【籃球巨星們的成長史話🧗‍♂️】
https://www.youtube.com/watch?v=cKe-8P5HtVI&list=PLzTWWOKgRsFkEJa0ibYxAW4q6EjwWuhYF

《街頭籃球人物🚦》【叱咤街頭的風雲人物⛹️‍♂️】
https://www.youtube.com/watch?v=4gxFf0h2qWI&list=PLzTWWOKgRsFno0E4nqVaPI7Q9DOkqyukG

《王牌VS.王牌🃏》【那些年我們追過的愛恨情仇🤼‍♂️】
https://www.youtube.com/watch?v=2luJObZXkJE&list=PLzTWWOKgRsFlptiD53gZBMeCM702sCPqI

《NBA新秀觀察🔎》【籃壇明日之星⭐️】
https://www.youtube.com/watch?v=XshRC3F-nZs&list=PLzTWWOKgRsFkbxWaZkcGjNeTEoUAWsuvj",https://www.youtube.com/watch?v=e1CoEPXpO8U&pp=ygUDbmJh
