title,channel,view_count,date,description,url
How to Retire With 300k Today,InvestAnswers Clips,"9,533",2025年8月5日,"▶️ MAIN YOUTUBE CHANNEL: https://www.youtube.com/investanswers
👋 JOIN THE FAMILY: http://www.patreon.com/investanswers
📈 IA MODELS: http://www.investanswers.io
🧠 FREE INVESTOR PROFILER QUIZ: https://investor-profiler.investanswers.io
📬 IA NEWSLETTER: https://investanswers.substack.com
🪙 IA CRYPTO COMPENDIUM: http://investanswers.io/crypto-compendium
⚙️ IA SCP Profiler: http://investanswers.io/scp-profiler
🌐 TradingView Referral: https://www.tradingview.com/?aff_id=27663

Original video: https://www.youtube.com/watch?v=epczrkeSPtk
Recording date: 8/3/2025
#iaclips #investanswers #investing #ai #retirement #bitcoin #trading

00:00 Introduction and Context
01:19 Investment Strategy and Hypothetical Models
04:51 Future Projections and Conclusion

Disclaimer: InvestAnswers does not provide financial, investment, tax, or legal advice. None of the content on the InvestAnswers channels is financial, investment, tax, or legal advice and should not be taken as such; the content is intended only for educational and entertainment purposes. InvestAnswers (James) shares some of his trades as learning examples but they are only relevant to his specific portfolio allocation, risk tolerance & financial expertise, may not constitute a comprehensive or complete discussion of such topics, and should not be emulated. The content of this video is solely the opinion(s) of the speaker who is not a licensed financial advisor or registered investment advisor. Trading equities or cryptocurrencies poses considerable risk of loss.  Kindly use your judgment and do your own research at all times. You are solely responsible for your own financial, investing, and trading decisions.",https://www.youtube.com/watch?v=ykAynQHgKOM
The Blockchain Trilemma: How Solana Continues to Outshine Other Cryptos,InvestAnswers Clips,710,2025年8月5日,"▶️ MAIN YOUTUBE CHANNEL: https://www.youtube.com/investanswers
👋 JOIN THE FAMILY: http://www.patreon.com/investanswers
📈 IA MODELS: http://www.investanswers.io
🧠 FREE INVESTOR PROFILER QUIZ: https://investor-profiler.investanswers.io
📬 IA NEWSLETTER: https://investanswers.substack.com
🪙 IA CRYPTO COMPENDIUM: http://investanswers.io/crypto-compendium
⚙️ IA SCP Profiler: http://investanswers.io/scp-profiler
🌐 TradingView Referral: https://www.tradingview.com/?aff_id=27663

Original video: https://www.youtube.com/watch?v=epczrkeSPtk
Recording date: 8/3/2025
#iaclips #investanswers #investing #blockchain #solana #bitcoin

00:00 Introduction to Blockchain Trilemma
01:38 Decentralization and Network Analysis
05:48 Future Predictions and Market Analysis

Disclaimer: InvestAnswers does not provide financial, investment, tax, or legal advice. None of the content on the InvestAnswers channels is financial, investment, tax, or legal advice and should not be taken as such; the content is intended only for educational and entertainment purposes. InvestAnswers (James) shares some of his trades as learning examples but they are only relevant to his specific portfolio allocation, risk tolerance & financial expertise, may not constitute a comprehensive or complete discussion of such topics, and should not be emulated. The content of this video is solely the opinion(s) of the speaker who is not a licensed financial advisor or registered investment advisor. Trading equities or cryptocurrencies poses considerable risk of loss.  Kindly use your judgment and do your own research at all times. You are solely responsible for your own financial, investing, and trading decisions.",https://www.youtube.com/watch?v=YmzI2GxjYz8
Is $Open Dead or Should I Buy?,InvestAnswers Clips,416,2025年8月5日,"▶️ MAIN YOUTUBE CHANNEL: https://www.youtube.com/investanswers
👋 JOIN THE FAMILY: http://www.patreon.com/investanswers
📈 IA MODELS: http://www.investanswers.io
🧠 FREE INVESTOR PROFILER QUIZ: https://investor-profiler.investanswers.io
📬 IA NEWSLETTER: https://investanswers.substack.com
🪙 IA CRYPTO COMPENDIUM: http://investanswers.io/crypto-compendium
⚙️ IA SCP Profiler: http://investanswers.io/scp-profiler
🌐 TradingView Referral: https://www.tradingview.com/?aff_id=27663

Original video: https://www.youtube.com/watch?v=epczrkeSPtk
Recording date: 8/3/2025
#iaclips #investanswers #investing #open #realestate #trading #memestock

00:00 Introduction and Market Speculation
00:34 Open Door's Business Model and Financial Struggles
03:36 Future Prospects and Personal Take

Disclaimer: InvestAnswers does not provide financial, investment, tax, or legal advice. None of the content on the InvestAnswers channels is financial, investment, tax, or legal advice and should not be taken as such; the content is intended only for educational and entertainment purposes. InvestAnswers (James) shares some of his trades as learning examples but they are only relevant to his specific portfolio allocation, risk tolerance & financial expertise, may not constitute a comprehensive or complete discussion of such topics, and should not be emulated. The content of this video is solely the opinion(s) of the speaker who is not a licensed financial advisor or registered investment advisor. Trading equities or cryptocurrencies poses considerable risk of loss.  Kindly use your judgment and do your own research at all times. You are solely responsible for your own financial, investing, and trading decisions.",https://www.youtube.com/watch?v=y04YBFqjpAc
Is Tesla In Danger of a Lawsuit With xAI?,InvestAnswers Clips,"1,501",2025年8月5日,"▶️ MAIN YOUTUBE CHANNEL: https://www.youtube.com/investanswers
👋 JOIN THE FAMILY: http://www.patreon.com/investanswers
📈 IA MODELS: http://www.investanswers.io
🧠 FREE INVESTOR PROFILER QUIZ: https://investor-profiler.investanswers.io
📬 IA NEWSLETTER: https://investanswers.substack.com
🪙 IA CRYPTO COMPENDIUM: http://investanswers.io/crypto-compendium
⚙️ IA SCP Profiler: http://investanswers.io/scp-profiler
🌐 TradingView Referral: https://www.tradingview.com/?aff_id=27663

Original video: https://www.youtube.com/watch?v=epczrkeSPtk
Recording date: 8/3/2025
#iaclips #investanswers #investing #tesla #ai #lawsuit

00:00 Introduction to Potential Legal Risks for Tesla
01:04 Understanding the Anthropic Case and Its Implications
01:50 Impact on Tesla and Future AI Developments

Disclaimer: InvestAnswers does not provide financial, investment, tax, or legal advice. None of the content on the InvestAnswers channels is financial, investment, tax, or legal advice and should not be taken as such; the content is intended only for educational and entertainment purposes. InvestAnswers (James) shares some of his trades as learning examples but they are only relevant to his specific portfolio allocation, risk tolerance & financial expertise, may not constitute a comprehensive or complete discussion of such topics, and should not be emulated. The content of this video is solely the opinion(s) of the speaker who is not a licensed financial advisor or registered investment advisor. Trading equities or cryptocurrencies poses considerable risk of loss.  Kindly use your judgment and do your own research at all times. You are solely responsible for your own financial, investing, and trading decisions.",https://www.youtube.com/watch?v=RrhMsBmEJiY
"How to Trade Crypto Proxies (DFDV, UPXI, SMLR, Etc...)",InvestAnswers Clips,552,2025年8月5日,"▶️ MAIN YOUTUBE CHANNEL: https://www.youtube.com/investanswers
👋 JOIN THE FAMILY: http://www.patreon.com/investanswers
📈 IA MODELS: http://www.investanswers.io
🧠 FREE INVESTOR PROFILER QUIZ: https://investor-profiler.investanswers.io
📬 IA NEWSLETTER: https://investanswers.substack.com
🪙 IA CRYPTO COMPENDIUM: http://investanswers.io/crypto-compendium
⚙️ IA SCP Profiler: http://investanswers.io/scp-profiler
🌐 TradingView Referral: https://www.tradingview.com/?aff_id=27663

Original video: https://www.youtube.com/watch?v=epczrkeSPtk
Recording date: 8/3/2025
#iaclips #investanswers #investing #trading #solana #bitcoin #proxycompany
00:00 Introduction and Market Speculation
00:34 Open Door's Business Model and Financial Struggles
03:36 Future Prospects and Personal Take

Disclaimer: InvestAnswers does not provide financial, investment, tax, or legal advice. None of the content on the InvestAnswers channels is financial, investment, tax, or legal advice and should not be taken as such; the content is intended only for educational and entertainment purposes. InvestAnswers (James) shares some of his trades as learning examples but they are only relevant to his specific portfolio allocation, risk tolerance & financial expertise, may not constitute a comprehensive or complete discussion of such topics, and should not be emulated. The content of this video is solely the opinion(s) of the speaker who is not a licensed financial advisor or registered investment advisor. Trading equities or cryptocurrencies poses considerable risk of loss.  Kindly use your judgment and do your own research at all times. You are solely responsible for your own financial, investing, and trading decisions.",https://www.youtube.com/watch?v=-Pf3Nr8wmTs
Pros and Cons of Trading Spot vs Margin,InvestAnswers Clips,972,2025年7月31日,"▶️ MAIN YOUTUBE CHANNEL: https://www.youtube.com/investanswers
👋 JOIN THE FAMILY: http://www.patreon.com/investanswers
📈 IA MODELS: http://www.investanswers.io
🧠 FREE INVESTOR PROFILER QUIZ: https://investor-profiler.investanswers.io
📬 IA NEWSLETTER: https://investanswers.substack.com
🪙 IA CRYPTO COMPENDIUM: http://investanswers.io/crypto-compendium
⚙️ IA SCP Profiler: http://investanswers.io/scp-profiler
🌐 TradingView Referral: https://www.tradingview.com/?aff_id=27663

Original video: https://www.youtube.com/watch?v=d9Pb4bpp0X0
Recording date: 7/27/2025
#iaclips #investanswers #investing #ai #llm #google

00:00 Introduction to Swing Trading
00:32 Comparing Perps with Low Leverage vs. Spot with Margin
02:15 Key Takeaways and Strategies

Disclaimer: InvestAnswers does not provide financial, investment, tax, or legal advice. None of the content on the InvestAnswers channels is financial, investment, tax, or legal advice and should not be taken as such; the content is intended only for educational and entertainment purposes. InvestAnswers (James) shares some of his trades as learning examples but they are only relevant to his specific portfolio allocation, risk tolerance & financial expertise, may not constitute a comprehensive or complete discussion of such topics, and should not be emulated. The content of this video is solely the opinion(s) of the speaker who is not a licensed financial advisor or registered investment advisor. Trading equities or cryptocurrencies poses considerable risk of loss.  Kindly use your judgment and do your own research at all times. You are solely responsible for your own financial, investing, and trading decisions.",https://www.youtube.com/watch?v=ZCC2j05MA0M
Is Google Losing the AI Race?,InvestAnswers Clips,"2,403",2025年7月31日,"▶️ MAIN YOUTUBE CHANNEL: https://www.youtube.com/investanswers
👋 JOIN THE FAMILY: http://www.patreon.com/investanswers
📈 IA MODELS: http://www.investanswers.io
🧠 FREE INVESTOR PROFILER QUIZ: https://investor-profiler.investanswers.io
📬 IA NEWSLETTER: https://investanswers.substack.com
🪙 IA CRYPTO COMPENDIUM: http://investanswers.io/crypto-compendium
⚙️ IA SCP Profiler: http://investanswers.io/scp-profiler
🌐 TradingView Referral: https://www.tradingview.com/?aff_id=27663

Original video: https://www.youtube.com/watch?v=d9Pb4bpp0X0
Recording date: 7/27/2025
#iaclips #investanswers #investing #ai #llm #google

00:00 Introduction to AI Chat LLMs
01:26 Google's Market Position and AI Strategy
03:13 Challenges and Concerns for Google

Disclaimer: InvestAnswers does not provide financial, investment, tax, or legal advice. None of the content on the InvestAnswers channels is financial, investment, tax, or legal advice and should not be taken as such; the content is intended only for educational and entertainment purposes. InvestAnswers (James) shares some of his trades as learning examples but they are only relevant to his specific portfolio allocation, risk tolerance & financial expertise, may not constitute a comprehensive or complete discussion of such topics, and should not be emulated. The content of this video is solely the opinion(s) of the speaker who is not a licensed financial advisor or registered investment advisor. Trading equities or cryptocurrencies poses considerable risk of loss.  Kindly use your judgment and do your own research at all times. You are solely responsible for your own financial, investing, and trading decisions.",https://www.youtube.com/watch?v=nMcUKN4REAg
Should I Sell My Bitcoin To Pay For My Life Insurance?,InvestAnswers Clips,771,2025年7月30日,"▶️ MAIN YOUTUBE CHANNEL: https://www.youtube.com/investanswers
👋 JOIN THE FAMILY: http://www.patreon.com/investanswers
📈 IA MODELS: http://www.investanswers.io
🧠 FREE INVESTOR PROFILER QUIZ: https://investor-profiler.investanswers.io
📬 IA NEWSLETTER: https://investanswers.substack.com
🪙 IA CRYPTO COMPENDIUM: http://investanswers.io/crypto-compendium
⚙️ IA SCP Profiler: http://investanswers.io/scp-profiler
🌐 TradingView Referral: https://www.tradingview.com/?aff_id=27663

Original video: https://www.youtube.com/watch?v=d9Pb4bpp0X0
Recording date: 7/27/2025
#iaclips #investanswers #investing #bitcoin #insurance

00:00 Introduction and Personal Story
01:41 Understanding Life Insurance: Term vs Whole
04:49 Evaluating Financial Options and Recommendations

Disclaimer: InvestAnswers does not provide financial, investment, tax, or legal advice. None of the content on the InvestAnswers channels is financial, investment, tax, or legal advice and should not be taken as such; the content is intended only for educational and entertainment purposes. InvestAnswers (James) shares some of his trades as learning examples but they are only relevant to his specific portfolio allocation, risk tolerance & financial expertise, may not constitute a comprehensive or complete discussion of such topics, and should not be emulated. The content of this video is solely the opinion(s) of the speaker who is not a licensed financial advisor or registered investment advisor. Trading equities or cryptocurrencies poses considerable risk of loss.  Kindly use your judgment and do your own research at all times. You are solely responsible for your own financial, investing, and trading decisions.",https://www.youtube.com/watch?v=Fu5gGcC2W14
Tesla or Bitcoin: Which Should I Hold and When?,InvestAnswers Clips,"15,187",2025年7月30日,"▶️ MAIN YOUTUBE CHANNEL: https://www.youtube.com/investanswers
👋 JOIN THE FAMILY: http://www.patreon.com/investanswers
📈 IA MODELS: http://www.investanswers.io
🧠 FREE INVESTOR PROFILER QUIZ: https://investor-profiler.investanswers.io
📬 IA NEWSLETTER: https://investanswers.substack.com
🪙 IA CRYPTO COMPENDIUM: http://investanswers.io/crypto-compendium
⚙️ IA SCP Profiler: http://investanswers.io/scp-profiler
🌐 TradingView Referral: https://www.tradingview.com/?aff_id=27663

Original video: https://www.youtube.com/watch?v=d9Pb4bpp0X0
Recording date: 7/27/2025
#iaclips #investanswers #investing #bitcoin #microstrategy #michaelsaylor 

00:00 Introduction: Crypto vs. Tesla Investment Dilemma
01:11 Analyzing Historical Performance and Correlation
04:08 Tesla's Growth and Future Prospects
05:40 Investment Strategies: Top Performing Assets
08:38 Leveraging Investments: How the Rich Get Richer

Disclaimer: InvestAnswers does not provide financial, investment, tax, or legal advice. None of the content on the InvestAnswers channels is financial, investment, tax, or legal advice and should not be taken as such; the content is intended only for educational and entertainment purposes. InvestAnswers (James) shares some of his trades as learning examples but they are only relevant to his specific portfolio allocation, risk tolerance & financial expertise, may not constitute a comprehensive or complete discussion of such topics, and should not be emulated. The content of this video is solely the opinion(s) of the speaker who is not a licensed financial advisor or registered investment advisor. Trading equities or cryptocurrencies poses considerable risk of loss.  Kindly use your judgment and do your own research at all times. You are solely responsible for your own financial, investing, and trading decisions.",https://www.youtube.com/watch?v=LGndBTnhxDY&pp=0gcJCa0JAYcqIYzv
MSTR vs STRK: Which Should I Hold?,InvestAnswers Clips,"2,625",2025年7月30日,"▶️ MAIN YOUTUBE CHANNEL: https://www.youtube.com/investanswers
👋 JOIN THE FAMILY: http://www.patreon.com/investanswers
📈 IA MODELS: http://www.investanswers.io
🧠 FREE INVESTOR PROFILER QUIZ: https://investor-profiler.investanswers.io
📬 IA NEWSLETTER: https://investanswers.substack.com
🪙 IA CRYPTO COMPENDIUM: http://investanswers.io/crypto-compendium
⚙️ IA SCP Profiler: http://investanswers.io/scp-profiler
🌐 TradingView Referral: https://www.tradingview.com/?aff_id=27663

Original video: https://www.youtube.com/watch?v=d9Pb4bpp0X0
Recording date: 7/27/2025
#iaclips #investanswers #investing #bitcoin #microstrategy #michaelsaylor 

00:00 Introduction and Question
00:38 Comparing MicroStrategy and STRK
02:04 Final Thoughts and Recommendations

Disclaimer: InvestAnswers does not provide financial, investment, tax, or legal advice. None of the content on the InvestAnswers channels is financial, investment, tax, or legal advice and should not be taken as such; the content is intended only for educational and entertainment purposes. InvestAnswers (James) shares some of his trades as learning examples but they are only relevant to his specific portfolio allocation, risk tolerance & financial expertise, may not constitute a comprehensive or complete discussion of such topics, and should not be emulated. The content of this video is solely the opinion(s) of the speaker who is not a licensed financial advisor or registered investment advisor. Trading equities or cryptocurrencies poses considerable risk of loss.  Kindly use your judgment and do your own research at all times. You are solely responsible for your own financial, investing, and trading decisions.",https://www.youtube.com/watch?v=RKz7Oh2nMko
